-- MySQL dump 10.13  Distrib 8.0.30, for Linux (x86_64)
--
-- Host: localhost    Database: texnopos_candy
-- ------------------------------------------------------
-- Server version	8.0.30-0ubuntu0.22.04.1

/*!40101 SET @OLD_CHARACTER_SET_CLIENT=@@CHARACTER_SET_CLIENT */;
/*!40101 SET @OLD_CHARACTER_SET_RESULTS=@@CHARACTER_SET_RESULTS */;
/*!40101 SET @OLD_COLLATION_CONNECTION=@@COLLATION_CONNECTION */;
/*!50503 SET NAMES utf8mb4 */;
/*!40103 SET @OLD_TIME_ZONE=@@TIME_ZONE */;
/*!40103 SET TIME_ZONE='+00:00' */;
/*!40014 SET @OLD_UNIQUE_CHECKS=@@UNIQUE_CHECKS, UNIQUE_CHECKS=0 */;
/*!40014 SET @OLD_FOREIGN_KEY_CHECKS=@@FOREIGN_KEY_CHECKS, FOREIGN_KEY_CHECKS=0 */;
/*!40101 SET @OLD_SQL_MODE=@@SQL_MODE, SQL_MODE='NO_AUTO_VALUE_ON_ZERO' */;
/*!40111 SET @OLD_SQL_NOTES=@@SQL_NOTES, SQL_NOTES=0 */;

--
-- Table structure for table `SequelizeMeta`
--

DROP TABLE IF EXISTS `SequelizeMeta`;
/*!40101 SET @saved_cs_client     = @@character_set_client */;
/*!50503 SET character_set_client = utf8mb4 */;
CREATE TABLE `SequelizeMeta` (
  `name` varchar(255) COLLATE utf8mb3_unicode_ci NOT NULL,
  PRIMARY KEY (`name`),
  UNIQUE KEY `name` (`name`)
) ENGINE=InnoDB DEFAULT CHARSET=utf8mb3 COLLATE=utf8mb3_unicode_ci;
/*!40101 SET character_set_client = @saved_cs_client */;

--
-- Dumping data for table `SequelizeMeta`
--

LOCK TABLES `SequelizeMeta` WRITE;
/*!40000 ALTER TABLE `SequelizeMeta` DISABLE KEYS */;
INSERT INTO `SequelizeMeta` VALUES ('20220904174329-create-user.js'),('20220906173333-create-botsettings.js'),('20220906191222-create-supervisor.js'),('20220906195146-create-job.js');
/*!40000 ALTER TABLE `SequelizeMeta` ENABLE KEYS */;
UNLOCK TABLES;

--
-- Table structure for table `Supervisors`
--

DROP TABLE IF EXISTS `Supervisors`;
/*!40101 SET @saved_cs_client     = @@character_set_client */;
/*!50503 SET character_set_client = utf8mb4 */;
CREATE TABLE `Supervisors` (
  `id` int NOT NULL AUTO_INCREMENT,
  `firstName` varchar(255) DEFAULT NULL,
  `lastName` varchar(255) DEFAULT NULL,
  `username` varchar(255) DEFAULT NULL,
  `chatId` varchar(120) DEFAULT NULL,
  `groupChatId` varchar(255) DEFAULT NULL,
  `createdAt` datetime NOT NULL,
  `updatedAt` datetime NOT NULL,
  PRIMARY KEY (`id`)
) ENGINE=InnoDB AUTO_INCREMENT=70 DEFAULT CHARSET=utf8mb4 COLLATE=utf8mb4_0900_ai_ci;
/*!40101 SET character_set_client = @saved_cs_client */;

--
-- Dumping data for table `Supervisors`
--

LOCK TABLES `Supervisors` WRITE;
/*!40000 ALTER TABLE `Supervisors` DISABLE KEYS */;
INSERT INTO `Supervisors` VALUES (23,'Asl Baraka','Askar',NULL,'5794433469','-1001534416119','2022-09-21 05:46:12','2022-09-21 05:46:12'),(24,'Ахылбек','....','None','5247806731','-1001534416119','2022-09-22 03:03:37','2022-09-22 03:03:37'),(25,'Қуатжан','Төре','None','928482871','-1001534416119','2022-09-22 03:05:38','2022-09-22 03:05:38'),(26,'Arslan','Dawletmuratov','None','5364488556','-1001534416119','2022-09-22 03:26:58','2022-09-22 03:26:58'),(27,'Арыслан','None','None','851434156','-1001534416119','2022-09-22 03:28:58','2022-09-22 03:28:58'),(28,'G\'ulam Sh Sh','None','None','933760322','-1001534416119','2022-09-22 03:37:19','2022-09-22 03:37:19'),(29,'Саламат','Мустафаев','None','5327696120','-1001534416119','2022-09-22 03:41:40','2022-09-22 03:41:40'),(30,'Улзадушка','None','ulzadushka3','1711135409','-1001534416119','2022-09-22 03:45:05','2022-09-22 03:45:05'),(31,'^^^','^^^','None','1388527501','-1001534416119','2022-09-22 03:47:05','2022-09-22 03:47:05'),(32,'Khotam','Xolmuradov','None','623862707','-1001534416119','2022-09-22 03:49:05','2022-09-22 03:49:05'),(33,'Kurbanbaev','Nuratdin','None','5353027327','-1001534416119','2022-09-22 03:51:05','2022-09-22 03:51:05'),(34,'Erpo.93','None','None','5324202979','-1001534416119','2022-09-22 03:53:56','2022-09-22 03:53:56'),(35,'Ширин','None','None','1351190189','-1001534416119','2022-09-22 03:56:18','2022-09-22 03:56:18'),(36,'Begzod O\'rinboyev','None','Fayz_candy_group','5186158972','-1001534416119','2022-09-22 03:58:19','2022-09-22 03:58:19'),(37,'Ансат','Fayz','None','5123992490','-1001534416119','2022-09-22 04:00:35','2022-09-22 04:00:35'),(38,'Fayz','Operator','fayzoperator1','5419486371','-1001534416119','2022-09-22 04:02:35','2022-09-22 04:02:35'),(39,'Zada','None','Shekhikaa','5419065988','-1001534416119','2022-09-22 04:04:35','2022-09-22 04:04:35'),(40,'Saliq','Bisenov','SALIQ_008','122004314','-1001760021496','2022-09-22 11:14:39','2022-09-22 11:14:39'),(67,'Maman Fayz','None','None','1809997806','-1001534416119','2022-09-23 03:41:47','2022-09-23 03:41:47'),(68,'Salamat','Tlewmuratov','None','5248988334','-1001534416119','2022-09-23 03:53:42','2022-09-23 03:53:42'),(69,'Jasurbek','Matkarimov',NULL,'5109586613','-1001534416119','2022-09-29 07:53:07','2022-09-29 07:53:07');
/*!40000 ALTER TABLE `Supervisors` ENABLE KEYS */;
UNLOCK TABLES;

--
-- Table structure for table `botsettings`
--

DROP TABLE IF EXISTS `botsettings`;
/*!40101 SET @saved_cs_client     = @@character_set_client */;
/*!50503 SET character_set_client = utf8mb4 */;
CREATE TABLE `botsettings` (
  `id` int NOT NULL AUTO_INCREMENT,
  `startHour` int DEFAULT NULL,
  `endHour` int DEFAULT NULL,
  `startMinute` int DEFAULT NULL,
  `endMinute` int DEFAULT NULL,
  `chat_id` varchar(120) DEFAULT NULL,
  `ChecksendMinut` int NOT NULL,
  `ChecksendHour` int NOT NULL,
  `createdAt` datetime NOT NULL,
  `updatedAt` datetime NOT NULL,
  PRIMARY KEY (`id`)
) ENGINE=InnoDB AUTO_INCREMENT=2 DEFAULT CHARSET=utf8mb4 COLLATE=utf8mb4_0900_ai_ci;
/*!40101 SET character_set_client = @saved_cs_client */;

--
-- Dumping data for table `botsettings`
--

LOCK TABLES `botsettings` WRITE;
/*!40000 ALTER TABLE `botsettings` DISABLE KEYS */;
INSERT INTO `botsettings` VALUES (1,8,9,0,5,'478319772',10,9,'2022-09-07 22:29:01','2022-09-22 14:00:12');
/*!40000 ALTER TABLE `botsettings` ENABLE KEYS */;
UNLOCK TABLES;

--
-- Table structure for table `jobs`
--

DROP TABLE IF EXISTS `jobs`;
/*!40101 SET @saved_cs_client     = @@character_set_client */;
/*!50503 SET character_set_client = utf8mb4 */;
CREATE TABLE `jobs` (
  `id` int NOT NULL AUTO_INCREMENT,
  `url` varchar(255) DEFAULT NULL,
  `date` varchar(255) DEFAULT NULL,
  `supervisor` varchar(255) DEFAULT NULL,
  `createdAt` datetime NOT NULL,
  `updatedAt` datetime NOT NULL,
  `time` varchar(100) DEFAULT NULL,
  PRIMARY KEY (`id`)
) ENGINE=InnoDB AUTO_INCREMENT=241 DEFAULT CHARSET=utf8mb4 COLLATE=utf8mb4_0900_ai_ci;
/*!40101 SET character_set_client = @saved_cs_client */;

--
-- Dumping data for table `jobs`
--

LOCK TABLES `jobs` WRITE;
/*!40000 ALTER TABLE `jobs` DISABLE KEYS */;
INSERT INTO `jobs` VALUES (100,'https://t.me/fayzcandygroup/1342','2022-09-23','27','2022-09-23 03:13:11','2022-09-23 03:13:11','23/09/2022, 08:13:11'),(101,'https://t.me/fayzcandygroup/1343','2022-09-23','26','2022-09-23 03:22:25','2022-09-23 03:22:25','23/09/2022, 08:22:25'),(102,'https://t.me/fayzcandygroup/1344','2022-09-23','31','2022-09-23 03:33:28','2022-09-23 03:33:28','23/09/2022, 08:33:28'),(103,'https://t.me/fayzcandygroup/1345','2022-09-23','67','2022-09-23 03:41:47','2022-09-23 03:41:47','23/09/2022, 08:41:47'),(104,'https://t.me/fayzcandygroup/1346','2022-09-23','34','2022-09-23 03:45:03','2022-09-23 03:45:03','23/09/2022, 08:45:03'),(105,'https://t.me/fayzcandygroup/1347','2022-09-23','34','2022-09-23 03:45:21','2022-09-23 03:45:21','23/09/2022, 08:45:21'),(106,'https://t.me/fayzcandygroup/1348','2022-09-23','28','2022-09-23 03:48:12','2022-09-23 03:48:12','23/09/2022, 08:48:12'),(107,'https://t.me/fayzcandygroup/1349','2022-09-23','23','2022-09-23 03:49:05','2022-09-23 03:49:05','23/09/2022, 08:49:05'),(108,'https://t.me/fayzcandygroup/1350','2022-09-23','33','2022-09-23 03:49:09','2022-09-23 03:49:09','23/09/2022, 08:49:09'),(109,'https://t.me/fayzcandygroup/1351','2022-09-23','32','2022-09-23 03:49:24','2022-09-23 03:49:24','23/09/2022, 08:49:24'),(110,'https://t.me/fayzcandygroup/1352','2022-09-23','30','2022-09-23 03:52:35','2022-09-23 03:52:35','23/09/2022, 08:52:35'),(111,'https://t.me/fayzcandygroup/1353','2022-09-23','37','2022-09-23 03:53:36','2022-09-23 03:53:36','23/09/2022, 08:53:36'),(112,'https://t.me/fayzcandygroup/1354','2022-09-23','68','2022-09-23 03:53:42','2022-09-23 03:53:42','23/09/2022, 08:53:42'),(113,'https://t.me/fayzcandygroup/1356','2022-09-23','35','2022-09-23 03:57:30','2022-09-23 03:57:30','23/09/2022, 08:57:30'),(114,'https://t.me/fayzcandygroup/1357','2022-09-23','24','2022-09-23 03:57:50','2022-09-23 03:57:50','23/09/2022, 08:57:50'),(115,'https://t.me/fayzcandygroup/1358','2022-09-23','36','2022-09-23 03:58:03','2022-09-23 03:58:03','23/09/2022, 08:58:03'),(116,'https://t.me/fayzcandygroup/1359','2022-09-23','29','2022-09-23 03:58:33','2022-09-23 03:58:33','23/09/2022, 08:58:33'),(117,'https://t.me/fayzcandygroup/1360','2022-09-23','39','2022-09-23 03:59:42','2022-09-23 03:59:42','23/09/2022, 08:59:42'),(118,'https://t.me/fayzcandygroup/1376','2022-09-24','27','2022-09-24 03:11:33','2022-09-24 03:11:33','24/09/2022, 08:11:33'),(119,'https://t.me/fayzcandygroup/1377','2022-09-24','26','2022-09-24 03:18:24','2022-09-24 03:18:24','24/09/2022, 08:18:24'),(120,'https://t.me/fayzcandygroup/1378','2022-09-24','24','2022-09-24 03:22:56','2022-09-24 03:22:56','24/09/2022, 08:22:56'),(121,'https://t.me/fayzcandygroup/1379','2022-09-24','33','2022-09-24 03:40:35','2022-09-24 03:40:35','24/09/2022, 08:40:35'),(122,'https://t.me/fayzcandygroup/1380','2022-09-24','34','2022-09-24 03:54:41','2022-09-24 03:54:41','24/09/2022, 08:54:41'),(123,'https://t.me/fayzcandygroup/1381','2022-09-24','68','2022-09-24 03:54:46','2022-09-24 03:54:46','24/09/2022, 08:54:46'),(124,'https://t.me/fayzcandygroup/1382','2022-09-24','29','2022-09-24 03:54:56','2022-09-24 03:54:56','24/09/2022, 08:54:56'),(125,'https://t.me/fayzcandygroup/1383','2022-09-24','35','2022-09-24 03:56:34','2022-09-24 03:56:34','24/09/2022, 08:56:34'),(126,'https://t.me/fayzcandygroup/1384','2022-09-24','67','2022-09-24 03:56:40','2022-09-24 03:56:40','24/09/2022, 08:56:40'),(127,'https://t.me/fayzcandygroup/1385','2022-09-24','36','2022-09-24 03:57:24','2022-09-24 03:57:24','24/09/2022, 08:57:24'),(128,'https://t.me/fayzcandygroup/1386','2022-09-24','28','2022-09-24 03:57:28','2022-09-24 03:57:28','24/09/2022, 08:57:28'),(129,'https://t.me/fayzcandygroup/1387','2022-09-24','38','2022-09-24 03:58:02','2022-09-24 03:58:02','24/09/2022, 08:58:02'),(130,'https://t.me/fayzcandygroup/1388','2022-09-24','37','2022-09-24 03:59:57','2022-09-24 03:59:57','24/09/2022, 08:59:57'),(131,'https://t.me/fayzcandygroup/1389','2022-09-24','31','2022-09-24 04:00:06','2022-09-24 04:00:06','24/09/2022, 09:00:06'),(132,'https://t.me/fayzcandygroup/1390','2022-09-24','30','2022-09-24 04:00:19','2022-09-24 04:00:19','24/09/2022, 09:00:19'),(133,'https://t.me/fayzcandygroup/1402','2022-09-26','27','2022-09-26 03:14:05','2022-09-26 03:14:05','26/09/2022, 08:14:05'),(134,'https://t.me/fayzcandygroup/1403','2022-09-26','25','2022-09-26 03:26:25','2022-09-26 03:26:25','26/09/2022, 08:26:25'),(135,'https://t.me/fayzcandygroup/1404','2022-09-26','26','2022-09-26 03:31:36','2022-09-26 03:31:36','26/09/2022, 08:31:36'),(136,'https://t.me/fayzcandygroup/1405','2022-09-26','35','2022-09-26 03:32:36','2022-09-26 03:32:36','26/09/2022, 08:32:36'),(137,'https://t.me/fayzcandygroup/1406','2022-09-26','30','2022-09-26 03:42:21','2022-09-26 03:42:21','26/09/2022, 08:42:21'),(138,'https://t.me/fayzcandygroup/1407','2022-09-26','29','2022-09-26 03:43:49','2022-09-26 03:43:49','26/09/2022, 08:43:49'),(139,'https://t.me/fayzcandygroup/1408','2022-09-26','31','2022-09-26 03:51:42','2022-09-26 03:51:42','26/09/2022, 08:51:42'),(140,'https://t.me/fayzcandygroup/1409','2022-09-26','28','2022-09-26 03:55:12','2022-09-26 03:55:12','26/09/2022, 08:55:12'),(141,'https://t.me/fayzcandygroup/1410','2022-09-26','24','2022-09-26 03:55:16','2022-09-26 03:55:16','26/09/2022, 08:55:16'),(142,'https://t.me/fayzcandygroup/1411','2022-09-26','34','2022-09-26 03:56:11','2022-09-26 03:56:11','26/09/2022, 08:56:11'),(143,'https://t.me/fayzcandygroup/1412','2022-09-26','33','2022-09-26 03:56:13','2022-09-26 03:56:13','26/09/2022, 08:56:13'),(144,'https://t.me/fayzcandygroup/1413','2022-09-26','68','2022-09-26 03:57:22','2022-09-26 03:57:22','26/09/2022, 08:57:22'),(145,'https://t.me/fayzcandygroup/1414','2022-09-26','67','2022-09-26 03:58:13','2022-09-26 03:58:13','26/09/2022, 08:58:13'),(146,'https://t.me/fayzcandygroup/1415','2022-09-26','39','2022-09-26 03:59:43','2022-09-26 03:59:43','26/09/2022, 08:59:43'),(147,'https://t.me/fayzcandygroup/1416','2022-09-26','37','2022-09-26 04:00:02','2022-09-26 04:00:02','26/09/2022, 09:00:02'),(148,'https://t.me/fayzcandygroup/1417','2022-09-26','23','2022-09-26 04:00:17','2022-09-26 04:00:17','26/09/2022, 09:00:17'),(149,'https://t.me/fayzcandygroup/1418','2022-09-26','38','2022-09-26 04:00:41','2022-09-26 04:00:41','26/09/2022, 09:00:41'),(150,'https://t.me/fayzcandygroup/1419','2022-09-26','36','2022-09-26 04:04:43','2022-09-26 04:04:43','26/09/2022, 09:04:43'),(151,'https://t.me/fayzcandygroup/1428','2022-09-27','27','2022-09-27 03:28:23','2022-09-27 03:28:23','27/09/2022, 08:28:23'),(152,'https://t.me/fayzcandygroup/1429','2022-09-27','26','2022-09-27 03:29:33','2022-09-27 03:29:33','27/09/2022, 08:29:33'),(153,'https://t.me/fayzcandygroup/1430','2022-09-27','28','2022-09-27 03:42:38','2022-09-27 03:42:38','27/09/2022, 08:42:38'),(154,'https://t.me/fayzcandygroup/1431','2022-09-27','33','2022-09-27 03:50:34','2022-09-27 03:50:34','27/09/2022, 08:50:34'),(155,'https://t.me/fayzcandygroup/1432','2022-09-27','29','2022-09-27 03:50:55','2022-09-27 03:50:55','27/09/2022, 08:50:55'),(156,'https://t.me/fayzcandygroup/1433','2022-09-27','23','2022-09-27 03:52:50','2022-09-27 03:52:50','27/09/2022, 08:52:50'),(157,'https://t.me/fayzcandygroup/1434','2022-09-27','67','2022-09-27 03:53:25','2022-09-27 03:53:25','27/09/2022, 08:53:25'),(158,'https://t.me/fayzcandygroup/1435','2022-09-27','32','2022-09-27 03:55:58','2022-09-27 03:55:58','27/09/2022, 08:55:58'),(159,'https://t.me/fayzcandygroup/1436','2022-09-27','31','2022-09-27 03:56:12','2022-09-27 03:56:12','27/09/2022, 08:56:12'),(160,'https://t.me/fayzcandygroup/1437','2022-09-27','68','2022-09-27 03:59:02','2022-09-27 03:59:02','27/09/2022, 08:59:02'),(161,'https://t.me/fayzcandygroup/1438','2022-09-27','38','2022-09-27 04:00:30','2022-09-27 04:00:30','27/09/2022, 09:00:30'),(162,'https://t.me/fayzcandygroup/1439','2022-09-27','24','2022-09-27 04:00:33','2022-09-27 04:00:33','27/09/2022, 09:00:33'),(163,'https://t.me/fayzcandygroup/1440','2022-09-27','30','2022-09-27 04:02:04','2022-09-27 04:02:04','27/09/2022, 09:02:04'),(164,'https://t.me/fayzcandygroup/1441','2022-09-27','37','2022-09-27 04:02:24','2022-09-27 04:02:24','27/09/2022, 09:02:24'),(165,'https://t.me/fayzcandygroup/1442','2022-09-27','39','2022-09-27 04:03:17','2022-09-27 04:03:17','27/09/2022, 09:03:17'),(166,'https://t.me/fayzcandygroup/1443','2022-09-27','35','2022-09-27 04:03:45','2022-09-27 04:03:45','27/09/2022, 09:03:45'),(167,'https://t.me/fayzcandygroup/1444','2022-09-27','36','2022-09-27 04:03:52','2022-09-27 04:03:52','27/09/2022, 09:03:52'),(168,'https://t.me/fayzcandygroup/1450','2022-09-28','27','2022-09-28 03:29:04','2022-09-28 03:29:04','28/09/2022, 08:29:04'),(169,'https://t.me/fayzcandygroup/1451','2022-09-28','26','2022-09-28 03:29:28','2022-09-28 03:29:28','28/09/2022, 08:29:28'),(170,'https://t.me/fayzcandygroup/1452','2022-09-28','37','2022-09-28 03:52:33','2022-09-28 03:52:33','28/09/2022, 08:52:33'),(171,'https://t.me/fayzcandygroup/1453','2022-09-28','23','2022-09-28 03:54:25','2022-09-28 03:54:25','28/09/2022, 08:54:25'),(172,'https://t.me/fayzcandygroup/1454','2022-09-28','32','2022-09-28 03:56:25','2022-09-28 03:56:25','28/09/2022, 08:56:25'),(173,'https://t.me/fayzcandygroup/1455','2022-09-28','30','2022-09-28 03:57:20','2022-09-28 03:57:20','28/09/2022, 08:57:20'),(174,'https://t.me/fayzcandygroup/1456','2022-09-28','34','2022-09-28 03:57:21','2022-09-28 03:57:21','28/09/2022, 08:57:21'),(175,'https://t.me/fayzcandygroup/1457','2022-09-28','31','2022-09-28 03:58:44','2022-09-28 03:58:44','28/09/2022, 08:58:44'),(176,'https://t.me/fayzcandygroup/1458','2022-09-28','33','2022-09-28 03:59:52','2022-09-28 03:59:52','28/09/2022, 08:59:52'),(177,'https://t.me/fayzcandygroup/1459','2022-09-28','39','2022-09-28 04:02:30','2022-09-28 04:02:30','28/09/2022, 09:02:30'),(178,'https://t.me/fayzcandygroup/1460','2022-09-28','29','2022-09-28 04:02:37','2022-09-28 04:02:37','28/09/2022, 09:02:37'),(179,'https://t.me/fayzcandygroup/1461','2022-09-28','36','2022-09-28 04:03:24','2022-09-28 04:03:24','28/09/2022, 09:03:24'),(180,'https://t.me/fayzcandygroup/1462','2022-09-28','68','2022-09-28 04:03:52','2022-09-28 04:03:52','28/09/2022, 09:03:52'),(181,'https://t.me/fayzcandygroup/1463','2022-09-28','28','2022-09-28 04:04:13','2022-09-28 04:04:13','28/09/2022, 09:04:13'),(182,'https://t.me/fayzcandygroup/1469','2022-09-29','25','2022-09-29 03:17:44','2022-09-29 03:17:44','29/09/2022, 08:17:44'),(183,'https://t.me/fayzcandygroup/1470','2022-09-29','26','2022-09-29 03:35:08','2022-09-29 03:35:08','29/09/2022, 08:35:08'),(184,'https://t.me/fayzcandygroup/1471','2022-09-29','27','2022-09-29 03:46:33','2022-09-29 03:46:33','29/09/2022, 08:46:33'),(185,'https://t.me/fayzcandygroup/1472','2022-09-29','24','2022-09-29 03:48:06','2022-09-29 03:48:06','29/09/2022, 08:48:06'),(186,'https://t.me/fayzcandygroup/1473','2022-09-29','29','2022-09-29 03:48:56','2022-09-29 03:48:56','29/09/2022, 08:48:56'),(187,'https://t.me/fayzcandygroup/1474','2022-09-29','30','2022-09-29 03:49:49','2022-09-29 03:49:49','29/09/2022, 08:49:49'),(188,'https://t.me/fayzcandygroup/1475','2022-09-29','23','2022-09-29 03:54:15','2022-09-29 03:54:15','29/09/2022, 08:54:15'),(189,'https://t.me/fayzcandygroup/1476','2022-09-29','31','2022-09-29 03:55:09','2022-09-29 03:55:09','29/09/2022, 08:55:09'),(190,'https://t.me/fayzcandygroup/1477','2022-09-29','67','2022-09-29 03:57:26','2022-09-29 03:57:26','29/09/2022, 08:57:26'),(191,'https://t.me/fayzcandygroup/1478','2022-09-29','28','2022-09-29 03:57:29','2022-09-29 03:57:29','29/09/2022, 08:57:29'),(192,'https://t.me/fayzcandygroup/1479','2022-09-29','34','2022-09-29 03:58:01','2022-09-29 03:58:01','29/09/2022, 08:58:01'),(193,'https://t.me/fayzcandygroup/1480','2022-09-29','33','2022-09-29 03:58:06','2022-09-29 03:58:06','29/09/2022, 08:58:06'),(194,'https://t.me/fayzcandygroup/1481','2022-09-29','32','2022-09-29 04:01:39','2022-09-29 04:01:39','29/09/2022, 09:01:39'),(195,'https://t.me/fayzcandygroup/1482','2022-09-29','35','2022-09-29 04:01:40','2022-09-29 04:01:40','29/09/2022, 09:01:40'),(196,'https://t.me/fayzcandygroup/1483','2022-09-29','68','2022-09-29 04:02:30','2022-09-29 04:02:30','29/09/2022, 09:02:30'),(197,'https://t.me/fayzcandygroup/1484','2022-09-29','39','2022-09-29 04:02:56','2022-09-29 04:02:56','29/09/2022, 09:02:56'),(198,'https://t.me/fayzcandygroup/1485','2022-09-29','36','2022-09-29 04:04:37','2022-09-29 04:04:37','29/09/2022, 09:04:37'),(199,'https://t.me/fayzcandygroup/1486','2022-09-29','37','2022-09-29 04:04:52','2022-09-29 04:04:52','29/09/2022, 09:04:52'),(200,'https://t.me/fayzcandygroup/1493','2022-09-30','27','2022-09-30 03:30:43','2022-09-30 03:30:43','30/09/2022, 08:30:43'),(201,'https://t.me/fayzcandygroup/1494','2022-09-30','26','2022-09-30 03:32:30','2022-09-30 03:32:30','30/09/2022, 08:32:30'),(202,'https://t.me/fayzcandygroup/1495','2022-09-30','35','2022-09-30 03:40:16','2022-09-30 03:40:16','30/09/2022, 08:40:16'),(203,'https://t.me/fayzcandygroup/1496','2022-09-30','23','2022-09-30 03:48:56','2022-09-30 03:48:56','30/09/2022, 08:48:56'),(204,'https://t.me/fayzcandygroup/1497','2022-09-30','30','2022-09-30 03:50:15','2022-09-30 03:50:15','30/09/2022, 08:50:15'),(205,'https://t.me/fayzcandygroup/1498','2022-09-30','29','2022-09-30 03:52:31','2022-09-30 03:52:31','30/09/2022, 08:52:31'),(206,'https://t.me/fayzcandygroup/1499','2022-09-30','31','2022-09-30 03:55:14','2022-09-30 03:55:14','30/09/2022, 08:55:14'),(207,'https://t.me/fayzcandygroup/1500','2022-09-30','37','2022-09-30 03:57:05','2022-09-30 03:57:05','30/09/2022, 08:57:05'),(208,'https://t.me/fayzcandygroup/1501','2022-09-30','33','2022-09-30 03:59:18','2022-09-30 03:59:18','30/09/2022, 08:59:18'),(209,'https://t.me/fayzcandygroup/1502','2022-09-30','34','2022-09-30 03:59:38','2022-09-30 03:59:38','30/09/2022, 08:59:38'),(210,'https://t.me/fayzcandygroup/1503','2022-09-30','39','2022-09-30 04:03:03','2022-09-30 04:03:03','30/09/2022, 09:03:03'),(211,'https://t.me/fayzcandygroup/1504','2022-09-30','24','2022-09-30 04:03:26','2022-09-30 04:03:26','30/09/2022, 09:03:26'),(212,'https://t.me/fayzcandygroup/1505','2022-09-30','36','2022-09-30 04:03:37','2022-09-30 04:03:37','30/09/2022, 09:03:37'),(213,'https://t.me/fayzcandygroup/1573','2022-10-05','27','2022-10-05 03:10:32','2022-10-05 03:10:32','05/10/2022, 08:10:32'),(214,'https://t.me/fayzcandygroup/1574','2022-10-05','26','2022-10-05 03:21:53','2022-10-05 03:21:53','05/10/2022, 08:21:53'),(215,'https://t.me/fayzcandygroup/1575','2022-10-05','25','2022-10-05 03:42:28','2022-10-05 03:42:28','05/10/2022, 08:42:28'),(216,'https://t.me/fayzcandygroup/1576','2022-10-05','29','2022-10-05 03:47:20','2022-10-05 03:47:20','05/10/2022, 08:47:20'),(217,'https://t.me/fayzcandygroup/1577','2022-10-05','23','2022-10-05 03:47:29','2022-10-05 03:47:29','05/10/2022, 08:47:29'),(218,'https://t.me/fayzcandygroup/1578','2022-10-05','30','2022-10-05 03:49:11','2022-10-05 03:49:11','05/10/2022, 08:49:11'),(219,'https://t.me/fayzcandygroup/1579','2022-10-05','31','2022-10-05 03:51:50','2022-10-05 03:51:50','05/10/2022, 08:51:50'),(220,'https://t.me/fayzcandygroup/1580','2022-10-05','32','2022-10-05 03:52:18','2022-10-05 03:52:18','05/10/2022, 08:52:18'),(221,'https://t.me/fayzcandygroup/1581','2022-10-05','68','2022-10-05 04:02:49','2022-10-05 04:02:49','05/10/2022, 09:02:49'),(222,'https://t.me/fayzcandygroup/1582','2022-10-05','35','2022-10-05 04:03:40','2022-10-05 04:03:40','05/10/2022, 09:03:40'),(223,'https://t.me/fayzcandygroup/1583','2022-10-05','37','2022-10-05 04:04:10','2022-10-05 04:04:10','05/10/2022, 09:04:10'),(224,'https://t.me/fayzcandygroup/1584','2022-10-05','24','2022-10-05 04:04:24','2022-10-05 04:04:24','05/10/2022, 09:04:24'),(225,'https://t.me/fayzcandygroup/1594','2022-10-06','27','2022-10-06 03:30:37','2022-10-06 03:30:37','06/10/2022, 08:30:37'),(226,'https://t.me/fayzcandygroup/1595','2022-10-06','26','2022-10-06 03:31:23','2022-10-06 03:31:23','06/10/2022, 08:31:23'),(227,'https://t.me/fayzcandygroup/1596','2022-10-06','25','2022-10-06 03:38:31','2022-10-06 03:38:31','06/10/2022, 08:38:31'),(228,'https://t.me/fayzcandygroup/1597','2022-10-06','31','2022-10-06 03:44:49','2022-10-06 03:44:49','06/10/2022, 08:44:49'),(229,'https://t.me/fayzcandygroup/1598','2022-10-06','29','2022-10-06 03:48:02','2022-10-06 03:48:02','06/10/2022, 08:48:02'),(230,'https://t.me/fayzcandygroup/1599','2022-10-06','28','2022-10-06 03:53:19','2022-10-06 03:53:19','06/10/2022, 08:53:19'),(231,'https://t.me/fayzcandygroup/1600','2022-10-06','23','2022-10-06 03:55:39','2022-10-06 03:55:39','06/10/2022, 08:55:39'),(232,'https://t.me/fayzcandygroup/1601','2022-10-06','68','2022-10-06 03:56:51','2022-10-06 03:56:51','06/10/2022, 08:56:51'),(233,'https://t.me/fayzcandygroup/1602','2022-10-06','32','2022-10-06 03:57:22','2022-10-06 03:57:22','06/10/2022, 08:57:22'),(234,'https://t.me/fayzcandygroup/1603','2022-10-06','24','2022-10-06 03:58:50','2022-10-06 03:58:50','06/10/2022, 08:58:50'),(235,'https://t.me/fayzcandygroup/1604','2022-10-06','37','2022-10-06 03:59:32','2022-10-06 03:59:32','06/10/2022, 08:59:32'),(236,'https://t.me/fayzcandygroup/1605','2022-10-06','30','2022-10-06 04:01:31','2022-10-06 04:01:31','06/10/2022, 09:01:31'),(237,'https://t.me/fayzcandygroup/1606','2022-10-06','39','2022-10-06 04:03:42','2022-10-06 04:03:42','06/10/2022, 09:03:42'),(238,'https://t.me/fayzcandygroup/1607','2022-10-06','35','2022-10-06 04:03:47','2022-10-06 04:03:47','06/10/2022, 09:03:47'),(239,'https://t.me/fayzcandygroup/1608','2022-10-06','38','2022-10-06 04:04:42','2022-10-06 04:04:42','06/10/2022, 09:04:42'),(240,'https://t.me/fayzcandygroup/1609','2022-10-06','33','2022-10-06 04:04:45','2022-10-06 04:04:45','06/10/2022, 09:04:45');
/*!40000 ALTER TABLE `jobs` ENABLE KEYS */;
UNLOCK TABLES;

--
-- Table structure for table `users`
--

DROP TABLE IF EXISTS `users`;
/*!40101 SET @saved_cs_client     = @@character_set_client */;
/*!50503 SET character_set_client = utf8mb4 */;
CREATE TABLE `users` (
  `id` int NOT NULL AUTO_INCREMENT,
  `firstName` varchar(255) NOT NULL,
  `lastName` varchar(255) NOT NULL,
  `username` varchar(255) NOT NULL,
  `password` varchar(255) NOT NULL,
  `role` enum('ceo','admin') NOT NULL,
  `createdAt` datetime NOT NULL,
  `updatedAt` datetime NOT NULL,
  PRIMARY KEY (`id`)
) ENGINE=InnoDB AUTO_INCREMENT=5 DEFAULT CHARSET=utf8mb4 COLLATE=utf8mb4_0900_ai_ci;
/*!40101 SET character_set_client = @saved_cs_client */;

--
-- Dumping data for table `users`
--

LOCK TABLES `users` WRITE;
/*!40000 ALTER TABLE `users` DISABLE KEYS */;
INSERT INTO `users` VALUES (1,'Azizbek','Berdimuratov','ceo','$2b$10$wG0/1Rf45TPvPhov0Hdz1O2MyWItFJRCy08S/q86yjV2g2zZ2tIWi','ceo','2022-09-22 22:20:18','2022-09-22 22:20:17');
/*!40000 ALTER TABLE `users` ENABLE KEYS */;
UNLOCK TABLES;
/*!40103 SET TIME_ZONE=@OLD_TIME_ZONE */;

/*!40101 SET SQL_MODE=@OLD_SQL_MODE */;
/*!40014 SET FOREIGN_KEY_CHECKS=@OLD_FOREIGN_KEY_CHECKS */;
/*!40014 SET UNIQUE_CHECKS=@OLD_UNIQUE_CHECKS */;
/*!40101 SET CHARACTER_SET_CLIENT=@OLD_CHARACTER_SET_CLIENT */;
/*!40101 SET CHARACTER_SET_RESULTS=@OLD_CHARACTER_SET_RESULTS */;
/*!40101 SET COLLATION_CONNECTION=@OLD_COLLATION_CONNECTION */;
/*!40111 SET SQL_NOTES=@OLD_SQL_NOTES */;

-- Dump completed on 2022-10-06  9:44:43
